{
  "scaleFactor": 1.05,
  "minNeighbors": 5.0,
  "f1": 1.0,
  "precision": 1.0,
  "recall": 1.0,
  "fps": 78.32447811742068,
  "avg_time": 0.012767400741577149,
  "total_tp": 52.0,
  "total_fp": 0.0,
  "total_fn": 0.0,
  "f1_norm": 1.0,
  "precision_norm": 1.0,
  "recall_norm": 1.0,
  "fps_norm": 0.1733159675638161,
  "weighted_score": 1.0
}